{
	"credit": "Made with Blockbench",
	"parent": "block/block",
	"textures": {
		"1": "cm:blocks/top",
		"3": "cm:blocks/side2",
		"particle": "cm:block/lantern",
		"4": "cm:item/blank",
		"5": "cm:blocks/top_orange",
		"lantern": "cm:block/lantern"
	},
	"elements": [
		{
			"from": [6.5, 9, 8],
			"to": [9.5, 11, 8],
			"shade": false,
			"rotation": {"angle": 45, "axis": "y", "origin": [8, 8, 8]},
			"faces": {
				"north": {"uv": [11, 6, 14, 8], "texture": "#1"},
				"south": {"uv": [11, 6, 14, 8], "texture": "#1"}
			}
		},
		{
			"from": [8, 9, 6.5],
			"to": [8, 11, 9.5],
			"shade": false,
			"rotation": {"angle": 45, "axis": "y", "origin": [8, 8, 8]},
			"faces": {
				"east": {"uv": [11, 6, 14, 8], "texture": "#1"},
				"west": {"uv": [11, 6, 14, 8], "texture": "#1"}
			}
		},
		{
			"name": "bottom",
			"from": [4, 0.1, 4],
			"to": [12, 0.1, 12],
			"faces": {
				"north": {"uv": [0, 0, 8, 0], "texture": "#4"},
				"east": {"uv": [0, 0, 8, 0], "texture": "#4"},
				"south": {"uv": [0, 0, 8, 0], "texture": "#4"},
				"west": {"uv": [0, 0, 8, 0], "texture": "#4"},
				"up": {"uv": [0, 8, 8, 16], "texture": "#5"},
				"down": {"uv": [0, 0, 8, 8], "texture": "#5"}
			}
		},
		{
			"name": "top",
			"from": [4, 9, 4],
			"to": [12, 9, 12],
			"faces": {
				"north": {"uv": [0, 0, 8, 0], "texture": "#4"},
				"east": {"uv": [0, 0, 8, 0], "texture": "#4"},
				"south": {"uv": [0, 0, 8, 0], "texture": "#4"},
				"west": {"uv": [0, 0, 8, 0], "texture": "#4"},
				"up": {"uv": [0, 0, 8, 8], "texture": "#1"},
				"down": {"uv": [0, 8, 8, 16], "texture": "#1"}
			}
		},
		{
			"name": "side1",
			"from": [4, 0, 4],
			"to": [12, 9, 4],
			"faces": {
				"north": {"uv": [0, 0, 8, 9], "texture": "#3"},
				"east": {"uv": [0, 0, 0, 9], "texture": "#4"},
				"south": {"uv": [0, 0, 8, 9], "texture": "#3"},
				"west": {"uv": [0, 0, 0, 9], "texture": "#4"},
				"up": {"uv": [0, 0, 8, 0], "texture": "#4"},
				"down": {"uv": [0, 0, 8, 0], "texture": "#4"}
			}
		},
		{
			"name": "side2",
			"from": [4, 0, 12],
			"to": [12, 9, 12],
			"faces": {
				"north": {"uv": [0, 0, 8, 9], "texture": "#3"},
				"east": {"uv": [0, 0, 0, 9], "texture": "#4"},
				"south": {"uv": [0, 0, 8, 9], "texture": "#3"},
				"west": {"uv": [0, 0, 0, 9], "texture": "#4"},
				"up": {"uv": [0, 0, 8, 0], "texture": "#4"},
				"down": {"uv": [0, 0, 8, 0], "texture": "#4"}
			}
		},
		{
			"name": "side3",
			"from": [4, 0, 4],
			"to": [4, 9, 12],
			"faces": {
				"north": {"uv": [0, 0, 0, 9], "texture": "#lantern"},
				"east": {"uv": [0, 0, 8, 9], "texture": "#3"},
				"south": {"uv": [0, 0, 0, 9], "texture": "#lantern"},
				"west": {"uv": [0, 0, 8, 9], "texture": "#3"},
				"up": {"uv": [0, 0, 0, 8], "texture": "#4"},
				"down": {"uv": [0, 0, 0, 8], "texture": "#4"}
			}
		},
		{
			"name": "side4",
			"from": [12, 0, 4],
			"to": [12, 9, 12],
			"faces": {
				"north": {"uv": [0, 0, 0, 9], "texture": "#lantern"},
				"east": {"uv": [0, 0, 8, 9], "texture": "#3"},
				"south": {"uv": [0, 0, 0, 9], "texture": "#lantern"},
				"west": {"uv": [0, 0, 8, 9], "texture": "#3"},
				"up": {"uv": [0, 0, 0, 8], "texture": "#4"},
				"down": {"uv": [0, 0, 0, 8], "texture": "#4"}
			}
		}
	],
	"gui_light": "front",
	"display": {
		"thirdperson_righthand": {
			"translation": [0, 3, 1],
			"scale": [0.55, 0.55, 0.55]
		},
		"firstperson_righthand": {
			"rotation": [0, -90, 25],
			"translation": [1.13, 3.2, 1.13],
			"scale": [0.68, 0.68, 0.68]
		},
		"ground": {
			"translation": [0, 2, 0],
			"scale": [0.5, 0.5, 0.5]
		},
		"head": {
			"translation": [0, -14.65, 0],
			"scale": [2.29, 2.29, 2.29]
		},
		"fixed": {
			"rotation": [0, 180, 0]
		}
	}
}