{

	"pools":[
    {
	      "rolls": 1,
          "entries": [
        {
          "type": "minecraft:item",
          "name": "minecraft:lantern",
		  "functions":[
		    {
			    "function":"minecraft:set_nbt",
				"tag":"{CAM_palace_lantern:1b,CAM_lantern_type:-1,CustomModelData:2224001,id:\"cam:palace_lantern\",display:{Name:'[{\"translate\":\"item.cam.palace_lantern\",\"color\":\"white\",\"bold\":false,\"italic\":false,\"underlined\":false,\"strikethrough\":false,\"obfuscated\":false}]',Lore:['{\"translate\":\"enchantment.cam.general\",\"with\":[{\"translate\":\"lore.cam.color\"},{\"translate\":\"lore.cam.random\"}],\"color\":\"gray\",\"italic\":\"false\"}","{\"translate\":\"enchantment.cam.general\",\"with\":[{\"translate\":\"lore.cam.pattern\"},{\"translate\":\"lore.cam.random\"}],\"color\":\"gray\",\"italic\":\"false\"}']}}"
			}
		  ]
        }
                     ]
	}
	]
}