{
  "type": "minecraft:generic",
  "pools":[
   {
    "rolls": 1,
      "entries": [
		    {
			  "type":"minecraft:item",
			  "functions": [
                {
                  "function": "minecraft:apply_bonus",
                  "enchantment": "minecraft:fortune",
                  "formula": "minecraft:ore_drops"
                },
                {
                  "function": "minecraft:explosion_decay"
                }
              ],
              "name": "minecraft:diamond"
            }
	  ]
    },
	{
     "rolls": 1,
      "entries": [	
	    {
			"type":"minecraft:item",
			"conditions": [
                {
                      "condition": "minecraft:table_bonus",
                      "enchantment": "minecraft:fortune",
                      "chances": [
                        0.1,
                        0.15,
                        0.25,
                        0.3
                      ]
                    }
              ],
			"functions": [
			{
			    "function":"set_nbt",
				"tag":"{CustomModelData:9102012,Enchantments:[{}],display:{Name:'[{\"translate\":\"item.cam.sapphire\",\"italic\":\"false\"}]'}}"
			},
	        {
			    "function": "minecraft:explosion_decay"
			   }
		    ],
			"name": "minecraft:emerald"
		}		
	  ]
	}
  ]
}