{
  "type": "minecraft:chest",
  "pools": [
    {
      "rolls": 1,
      "entries": [
        {
          "type": "minecraft:item",
          "name": "minecraft:heart_of_the_sea"
        }
      ]
    },
    {
      "rolls": {
        "min": 5.0,
        "max": 8.0,
        "type": "minecraft:uniform"
      },
      "entries": [
        {
          "type": "minecraft:item",
          "weight": 20,
          "functions": [
            {
              "function": "minecraft:set_count",
              "count": {
                "min": 1.0,
                "max": 4.0,
                "type": "minecraft:uniform"
              }
            }
          ],
          "name": "minecraft:iron_ingot"
        },
        {
          "type": "minecraft:item",
          "weight": 10,
          "functions": [
            {
              "function": "minecraft:set_count",
              "count": {
                "min": 1.0,
                "max": 4.0,
                "type": "minecraft:uniform"
              }
            }
          ],
          "name": "minecraft:gold_ingot"
        },
        {
          "type": "minecraft:item",
          "weight": 5,
          "functions": [
            {
              "function": "minecraft:set_count",
              "count": {
                "min": 1.0,
                "max": 2.0,
                "type": "minecraft:uniform"
              }
            }
          ],
          "name": "minecraft:tnt"
        }
      ]
    },
    {
      "rolls": {
        "min": 1.0,
        "max": 3.0,
        "type": "minecraft:uniform"
      },
      "entries": [
        {
          "type": "minecraft:item",
          "weight": 5,
          "functions": [
            {
              "function": "minecraft:set_count",
              "count": {
                "min": 4.0,
                "max": 8.0,
                "type": "minecraft:uniform"
              }
            }
          ],
          "name": "minecraft:emerald"
        },
        {
          "type": "minecraft:item",
          "weight": 5,
          "functions": [
            {
              "function": "minecraft:set_count",
              "count": {
                "min": 1.0,
                "max": 2.0,
                "type": "minecraft:uniform"
              }
            }
          ],
          "name": "minecraft:diamond"
        },
        {
          "type": "minecraft:item",
          "weight": 5,
          "functions": [
            {
              "function": "minecraft:set_count",
              "count": {
                "min": 1.0,
                "max": 5.0,
                "type": "minecraft:uniform"
              }
            }
          ],
          "name": "minecraft:prismarine_crystals"
        }
      ]
    },
    {
      "rolls": {
        "min": 0.0,
        "max": 1.0,
        "type": "minecraft:uniform"
      },
      "entries": [
        {
          "type": "minecraft:item",
          "name": "minecraft:leather_chestplate"
        },
        {
          "type": "minecraft:item",
          "name": "minecraft:iron_sword"
        }
      ]
    },
    {
      "rolls": 2,
      "entries": [
        {
          "type": "minecraft:item",
          "functions": [
            {
              "function": "minecraft:set_count",
              "count": {
                "min": 2.0,
                "max": 4.0,
                "type": "minecraft:uniform"
              }
            }
          ],
          "name": "minecraft:cooked_cod"
        },
        {
          "type": "minecraft:item",
          "functions": [
            {
              "function": "minecraft:set_count",
              "count": {
                "min": 2.0,
                "max": 4.0,
                "type": "minecraft:uniform"
              }
            }
          ],
          "name": "minecraft:cooked_salmon"
        }
      ]
    },
	{
      "rolls": {
        "min": 1.0,
        "max": 1.0,
        "type": "minecraft:uniform"
      },
      "entries": [
        {
          "type": "minecraft:item",
          "weight": 1,
          "functions": [
			  {
              "function": "minecraft:set_nbt",
			  "tag":"{CustomModelData:9102010,Enchantments:[{}],CAM_Enchantments:[{id:\"cam:rattlesnake\",lvl:1}],display:{Name:'[{\"translate\":\"item.cam.rattlesnake\",\"italic\":\"false\"}]',Lore:['{\"translate\":\"enchantment.cam.general\",\"with\":[{\"translate\":\"enchant.cam.rattlesnake\"}],\"color\":\"gray\",\"italic\":\"false\"}']},RepairCost:65}"
              },
			  {
			  "function": "minecraft:enchant_with_levels",
			  "treasure":true,
			  "levels":30
			  }
          ],
          "name": "minecraft:iron_sword"
        },
		{
          "type": "minecraft:item",
          "weight": 1,
          "functions": [
			  {
              "function": "minecraft:set_nbt",
			  "tag":"{display:{Name:'[{\"translate\":\"item.cam.dizziness\",\"italic\":\"false\"}]',Lore:['{\"translate\":\"enchantment.cam.general\",\"with\":[{\"translate\":\"enchant.cam.dizziness\"},{\"translate\":\"enchantment.level.2\"}],\"color\":\"gray\",\"italic\":\"false\"}']},CAM_Enchantments:[{id:\"cam:dizziness\",lvl:2}],CustomModelData:9102005,Enchantments:[{}],RepairCost:65}"
              },
			  {
			  "function": "minecraft:enchant_with_levels",
			  "treasure":true,
			  "levels":30
			  }
          ],
          "name": "minecraft:iron_axe"
        },
		{
          "type": "minecraft:item",
          "weight": 1,
          "functions": [
			  {
              "function": "minecraft:set_nbt",
			  "tag":"{CustomModelData:9102007,CAM_Enchantments:[{id:\"cam:end_looting\",lvl:1}],Enchantments:[{}],display:{Name:'[{\"translate\":\"item.cam.ender_sword\",\"color\":\"dark_purple\",\"italic\":\"false\"}]',Lore:['{\"translate\":\"enchantment.cam.general\",\"with\":[{\"translate\":\"enchant.cam.ender_looting\"}],\"color\":\"gray\",\"italic\":\"false\"}']},RepairCost:65}"
              },
			   {
			  "function": "minecraft:enchant_with_levels",
			  "treasure":true,
			  "levels":30
			  }
          ],
          "name": "minecraft:iron_sword"
        },
		{
          "type": "minecraft:item",
          "weight": 1,
          "functions": [
			  {
              "function": "minecraft:set_nbt",
			  "tag":"{display:{Name:'[{\"translate\":\"item.cam.vampire\",\"color\":\"dark_red\",\"italic\":false}]',Lore:['{\"translate\":\"enchantment.cam.general\",\"with\":[{\"translate\":\"enchant.cam.vampire\"},{\"translate\":\"enchantment.level.1\"}],\"color\":\"gray\",\"italic\":\"false\"}']},CustomModelData:9102006,Enchantments:[{}],CAM_Enchantments:[{id:\"cam:vampire\",lvl:1}],RepairCost:65}"
              },
			  {
			  "function": "minecraft:enchant_with_levels",
			  "treasure":true,
			  "levels":30
			  }
          ],
          "name": "minecraft:diamond_sword"
        },
		{
          "type": "minecraft:item",
          "weight": 1,
          "functions": [
			  {
              "function": "minecraft:set_nbt",
			  "tag":"{id:\"cam:snake_rod\",CustomModelData:9102035,AttributeModifiers:[{AttributeName:\"generic.attackDamage\",Amount:3,Name:\"CAM\",UUIDLeast:1,UUIDMost:1,UUID:[I;15614,9847516,49848,984],Slot:mainhand,Operation:0},{AttributeName:\"generic.attackSpeed\",Amount:-3,Name:\"CAM\",UUIDLeast:1,UUIDMost:1,UUID:[I;9845,49841,4961,22],Slot:mainhand,Operation:0},{AttributeName:\"generic.attack_damage\",Amount:3,Name:\"CAM\",UUIDLeast:1,UUIDMost:1,UUID:[I;15614,9847516,49848,984],Slot:mainhand,Operation:0},{AttributeName:\"generic.attack_speed\",Amount:-3,Name:\"CAM\",UUIDLeast:1,UUIDMost:1,UUID:[I;9845,49841,4961,22],Slot:mainhand,Operation:0}],display:{Lore:[\"{\\\"translate\\\":\\\"item.modifiers.mainhand\\\",\\\"color\\\":\\\"gray\\\",\\\"italic\\\":false}\",\"{\\\"translate\\\":\\\"attribute.modifier.equals.0\\\",\\\"with\\\":[{\\\"text\\\":4},{\\\"translate\\\":\\\"attribute.name.generic.attackDamage\\\"}],\\\"color\\\":\\\"dark_green\\\",\\\"italic\\\":false}\",\"{\\\"translate\\\":\\\"attribute.modifier.equals.0\\\",\\\"with\\\":[{\\\"text\\\":1},{\\\"translate\\\":\\\"attribute.name.generic.attackSpeed\\\"}],\\\"color\\\":\\\"dark_green\\\",\\\"italic\\\":false}\",\"{\\\"translate\\\":\\\"enchantment.cam.general\\\",\\\"with\\\":[{\\\"translate\\\":\\\"enchant.cam.phylactery\\\"}],\\\"color\\\":\\\"gray\\\",\\\"italic\\\":\\\"false\\\"}\"],Name:\"{\\\"translate\\\":\\\"item.cam.snake_rod\\\",\\\"italic\\\":false}\"},HideFlags:2,RodModeShift:1b,CAM_rod:1b,CAM_Enchantments:[{id:\"cam:phylactery\",lvl:1}]}"
              },
			  {
			  "function": "minecraft:enchant_with_levels",
			  "treasure":false,
			  "levels":30
			  }
          ],
          "name": "minecraft:stone_sword"
        },	
		{
		  "type": "minecraft:item",
          "weight": 5,
          "name": "minecraft:air"
		}
      ]
    }
  ]
}