{
    "pools": [
        {
            "rolls": 1,
            "entries": [
                {
                    "type": "item",
                    "name": "minecraft:cod",
                    "weight": 58,
					"functions": [
            {
              "function": "minecraft:set_nbt",
              "tag": "{CustomModelData:9102040,display:{Name:\"[{\\\"translate\\\":\\\"item.cam.fish\\\",\\\"color\\\":\\\"white\\\",\\\"italic\\\":\\\"false\\\"}]\"},id:\"cam:fish\"}",
              "conditions": [
                {
                  "condition": "minecraft:inverted",
                  "term": {
                    "condition": "minecraft:alternative",
                    "terms": [
                      {
                        "condition": "minecraft:inverted",
                        "term": {
                          "condition": "minecraft:alternative",
                          "terms": [
                            {
                              "condition": "minecraft:inverted",
                              "term": {
                                "condition": "minecraft:alternative",
                                "terms": [
                                  {
                                    "condition": "minecraft:location_check",
                                    "predicate": {
                                      "biome": "minecraft:frozen_ocean"
                                    }
                                  },
								  {
                                    "condition": "minecraft:location_check",
                                    "predicate": {
                                      "biome": "minecraft:frozen_river"
                                    }
                                  },
                                  {
                                    "condition": "minecraft:location_check",
                                    "predicate": {
                                      "biome": "minecraft:deep_frozen_ocean"
                                    }
                                  },
                                  {
                                    "condition": "minecraft:location_check",
                                    "predicate": {
                                      "biome": "minecraft:cold_ocean"
                                    }
                                  },
                                  {
                                    "condition": "minecraft:location_check",
                                    "predicate": {
                                      "biome": "minecraft:deep_cold_ocean"
                                    }
                                  }
                                ]
                              }
                            },
                            {
                              "condition": "minecraft:random_chance",
                              "chance": 0.2
                            }
                          ]
                        }
                      },
                      {
                        "condition": "minecraft:inverted",
                        "term": {
                          "condition": "minecraft:random_chance",
                          "chance": 0.8
                        }
                      }
                    ]
                  }
                }
              ]
            }
          ]
					},
					{
                    "type": "item",
                    "name": "minecraft:cod",
                    "weight": 58,
					"functions": [
            {
              "function": "minecraft:set_nbt",
              "tag": "{CustomModelData:9102040,display:{Name:\"[{\\\"translate\\\":\\\"item.cam.fish\\\",\\\"color\\\":\\\"white\\\",\\\"italic\\\":\\\"false\\\"}]\"},id:\"cam:fish\"}",
              "conditions": [
                {
                  "condition": "minecraft:inverted",
                  "term": {
                    "condition": "minecraft:alternative",
                    "terms": [
                      {
                        "condition": "minecraft:inverted",
                        "term": {
                          "condition": "minecraft:alternative",
                          "terms": [
                            {
                              "condition": "minecraft:inverted",
                              "term": {
                                "condition": "minecraft:alternative",
                                "terms": [
                                  {
                                    "condition": "minecraft:location_check",
                                    "predicate": {
                                      "biome": "minecraft:frozen_ocean"
                                    }
                                  },
								  {
                                    "condition": "minecraft:location_check",
                                    "predicate": {
                                      "biome": "minecraft:frozen_river"
                                    }
                                  },
                                  {
                                    "condition": "minecraft:location_check",
                                    "predicate": {
                                      "biome": "minecraft:deep_frozen_ocean"
                                    }
                                  },
                                  {
                                    "condition": "minecraft:location_check",
                                    "predicate": {
                                      "biome": "minecraft:cold_ocean"
                                    }
                                  },
                                  {
                                    "condition": "minecraft:location_check",
                                    "predicate": {
                                      "biome": "minecraft:deep_cold_ocean"
                                    }
                                  }
                                ]
                              }
                            },
                            {
                              "condition": "minecraft:random_chance",
                              "chance": 0.2
                            }
                          ]
                        }
                      },
                      {
                        "condition": "minecraft:inverted",
                        "term": {
                          "condition": "minecraft:random_chance",
                          "chance": 0.8
                        }
                      }
                    ]
                  }
                }
              ]
            }
          ],
		            "conditions": [
                {"condition": "minecraft:alternative",
                                "terms": [
                                  {
                                    "condition": "minecraft:location_check",
                                    "predicate": {
                                      "biome": "minecraft:frozen_ocean"
                                    }
                                  },
								  {
                                    "condition": "minecraft:location_check",
                                    "predicate": {
                                      "biome": "minecraft:frozen_river"
                                    }
                                  },
                                  {
                                    "condition": "minecraft:location_check",
                                    "predicate": {
                                      "biome": "minecraft:deep_frozen_ocean"
                                    }
                                  },
                                  {
                                    "condition": "minecraft:location_check",
                                    "predicate": {
                                      "biome": "minecraft:cold_ocean"
                                    }
                                  },
                                  {
                                    "condition": "minecraft:location_check",
                                    "predicate": {
                                      "biome": "minecraft:deep_cold_ocean"
                                    }
                                  }
                                ]
                            }
                        ]
					},
					{
                    "type": "item",
                    "name": "minecraft:cod",
                    "weight": 22,
					"functions": [
            {
              "function": "minecraft:set_nbt",
              "tag": "{CustomModelData:9102040,display:{Name:\"[{\\\"translate\\\":\\\"item.cam.fish\\\",\\\"color\\\":\\\"white\\\",\\\"italic\\\":\\\"false\\\"}]\"},id:\"cam:fish\"}",
              "conditions": [
                {
                  "condition": "minecraft:inverted",
                  "term": {
                    "condition": "minecraft:alternative",
                    "terms": [
                      {
                        "condition": "minecraft:inverted",
                        "term": {
                          "condition": "minecraft:alternative",
                          "terms": [
                            {
                              "condition": "minecraft:inverted",
                              "term": {
                                "condition": "minecraft:alternative",
                                "terms": [
                                  {
                                    "condition": "minecraft:location_check",
                                    "predicate": {
                                      "biome": "minecraft:frozen_ocean"
                                    }
                                  },
								  {
                                    "condition": "minecraft:location_check",
                                    "predicate": {
                                      "biome": "minecraft:frozen_river"
                                    }
                                  },
                                  {
                                    "condition": "minecraft:location_check",
                                    "predicate": {
                                      "biome": "minecraft:deep_frozen_ocean"
                                    }
                                  },
                                  {
                                    "condition": "minecraft:location_check",
                                    "predicate": {
                                      "biome": "minecraft:cold_ocean"
                                    }
                                  },
                                  {
                                    "condition": "minecraft:location_check",
                                    "predicate": {
                                      "biome": "minecraft:deep_cold_ocean"
                                    }
                                  }
                                ]
                              }
                            },
                            {
                              "condition": "minecraft:random_chance",
                              "chance": 0.2
                            }
                          ]
                        }
                      },
                      {
                        "condition": "minecraft:inverted",
                        "term": {
                          "condition": "minecraft:random_chance",
                          "chance": 0.8
                        }
                      }
                    ]
                  }
                }
              ]
            }
          ],
					"conditions": [
					{
                "condition": "minecraft:alternative",
              "terms": [
                {
                  "condition": "minecraft:location_check",
                  "predicate": {
                    "biome": "minecraft:deep_lukewarm_ocean"
                  }
                },
                {
                  "condition": "minecraft:location_check",
                  "predicate": {
                    "biome": "minecraft:lukewarm_ocean"
                  }
                }
              ]
           }
		]
					},
					{
                    "type": "item",
                    "name": "minecraft:cod",
                    "weight": 152,
					"functions": [
            {
              "function": "minecraft:set_nbt",
              "tag": "{CustomModelData:9102040,display:{Name:\"[{\\\"translate\\\":\\\"item.cam.fish\\\",\\\"color\\\":\\\"white\\\",\\\"italic\\\":\\\"false\\\"}]\"},id:\"cam:fish\"}",
              "conditions": [
                {
                  "condition": "minecraft:inverted",
                  "term": {
                    "condition": "minecraft:alternative",
                    "terms": [
                      {
                        "condition": "minecraft:inverted",
                        "term": {
                          "condition": "minecraft:alternative",
                          "terms": [
                            {
                              "condition": "minecraft:inverted",
                              "term": {
                                "condition": "minecraft:alternative",
                                "terms": [
                                  {
                                    "condition": "minecraft:location_check",
                                    "predicate": {
                                      "biome": "minecraft:frozen_ocean"
                                    }
                                  },
								  {
                                    "condition": "minecraft:location_check",
                                    "predicate": {
                                      "biome": "minecraft:frozen_river"
                                    }
                                  },
                                  {
                                    "condition": "minecraft:location_check",
                                    "predicate": {
                                      "biome": "minecraft:deep_frozen_ocean"
                                    }
                                  },
                                  {
                                    "condition": "minecraft:location_check",
                                    "predicate": {
                                      "biome": "minecraft:cold_ocean"
                                    }
                                  },
                                  {
                                    "condition": "minecraft:location_check",
                                    "predicate": {
                                      "biome": "minecraft:deep_cold_ocean"
                                    }
                                  }
                                ]
                              }
                            },
                            {
                              "condition": "minecraft:random_chance",
                              "chance": 0.2
                            }
                          ]
                        }
                      },
                      {
                        "condition": "minecraft:inverted",
                        "term": {
                          "condition": "minecraft:random_chance",
                          "chance": 0.8
                        }
                      }
                    ]
                  }
                }
              ]
            }
          ],
					"conditions": [
					{
                "condition": "minecraft:alternative",
              "terms": [
                {
                  "condition": "minecraft:location_check",
                  "predicate": {
                    "biome": "minecraft:deep_warm_ocean"
                  }
                },
                {
                  "condition": "minecraft:location_check",
                  "predicate": {
                    "biome": "minecraft:warm_ocean"
                  }
                }
              ]
           }
		]
					},
                {
                    "type": "item",
                    "name": "minecraft:salmon",
                    "weight": 43,
					"conditions": [
                {
				                "condition": "minecraft:alternative",
                                "terms": [
                                  {
                                    "condition": "minecraft:location_check",
                                    "predicate": {
                                      "biome": "minecraft:frozen_ocean"
                                    }
                                  },
								  {
                                    "condition": "minecraft:location_check",
                                    "predicate": {
                                      "biome": "minecraft:frozen_river"
                                    }
                                  },
                                  {
                                    "condition": "minecraft:location_check",
                                    "predicate": {
                                      "biome": "minecraft:deep_frozen_ocean"
                                    }
                                  },
                                  {
                                    "condition": "minecraft:location_check",
                                    "predicate": {
                                      "biome": "minecraft:cold_ocean"
                                    }
                                  },
                                  {
                                    "condition": "minecraft:location_check",
                                    "predicate": {
                                      "biome": "minecraft:deep_cold_ocean"
                                    }
                                  }
                                ]
                            }
                        ]
                },
				{
                    "type": "item",
                    "name": "minecraft:salmon",
                    "weight": 3,
					"conditions": [
					{
                "condition": "minecraft:alternative",
              "terms": [
                {
                  "condition": "minecraft:location_check",
                  "predicate": {
                    "biome": "minecraft:deep_lukewarm_ocean"
                  }
                },
                {
                  "condition": "minecraft:location_check",
                  "predicate": {
                    "biome": "minecraft:lukewarm_ocean"
                  }
                }
              ]
             }
		    ]
                },
				{
                    "type": "item",
                    "name": "minecraft:salmon",
                    "weight": 15,
					"conditions": [
					{
                "condition": "minecraft:alternative",
              "terms": [
                {
                  "condition": "minecraft:location_check",
                  "predicate": {
                    "biome": "minecraft:deep_warm_ocean"
                  }
                },
                {
                  "condition": "minecraft:location_check",
                  "predicate": {
                    "biome": "minecraft:warm_ocean"
                  }
                }
              ]
             }
		    ]
                },
				{
                    "type": "item",
                    "name": "minecraft:salmon",
                    "weight": 27
                },
                {
                    "type": "item",
                    "name": "minecraft:tropical_fish",
                    "weight": 2
                },
				 {
                    "type": "item",
                    "name": "minecraft:tropical_fish",
                    "weight": 48,
					"conditions": [
            {
              "condition": "minecraft:alternative",
              "terms": [
                {
                  "condition": "minecraft:location_check",
                  "predicate": {
                    "biome": "minecraft:deep_lukewarm_ocean"
                  }
                },
                {
                  "condition": "minecraft:location_check",
                  "predicate": {
                    "biome": "minecraft:lukewarm_ocean"
                  }
                }
              ]
            }
          ]
                },
				{
                    "type": "item",
                    "name": "minecraft:tropical_fish",
                    "weight": 298,
					"conditions": [
            {
              "condition": "minecraft:alternative",
              "terms": [
                {
                  "condition": "minecraft:location_check",
                  "predicate": {
                    "biome": "minecraft:deep_warm_ocean"
                  }
                },
                {
                  "condition": "minecraft:location_check",
                  "predicate": {
                    "biome": "minecraft:warm_ocean"
                  }
                }
              ]
            }
          ]
                },
                {
                    "type": "item",
                    "name": "minecraft:pufferfish",
                    "weight": 13
                },
				{
                    "type": "item",
                    "name": "minecraft:pufferfish",
                    "weight": 17,
					"conditions": [
            {
              "condition": "minecraft:alternative",
              "terms": [
                {
                  "condition": "minecraft:location_check",
                  "predicate": {
                    "biome": "minecraft:deep_lukewarm_ocean"
                  }
                },
                {
                  "condition": "minecraft:location_check",
                  "predicate": {
                    "biome": "minecraft:lukewarm_ocean"
                  }
                }
              ]
            }
          ]
                },
				{
                    "type": "item",
                    "name": "minecraft:pufferfish",
                    "weight": 35,
					"conditions": [
            {
              "condition": "minecraft:alternative",
              "terms": [
                {
                  "condition": "minecraft:location_check",
                  "predicate": {
                    "biome": "minecraft:deep_warm_ocean"
                  }
                },
                {
                  "condition": "minecraft:location_check",
                  "predicate": {
                    "biome": "minecraft:warm_ocean"
                  }
                }
              ]
            }
          ]
                }
				
            ]
        }
    ]
}