{
  "type": "minecraft:entity",
  "pools": [
    {
      "rolls": 1,
      "entries": [
        {
          "type": "minecraft:item",
          "name": "minecraft:emerald",
          "functions": [
            {
              "function": "minecraft:set_count",
              "count": {
                "min": 0,
                "max": 1
              }
            },
            {
              "function": "minecraft:looting_enchant",
              "count": {
                "min": 0,
                "max": 1
              }
            }
          ]
        }
      ],
      "conditions": [
        {
          "condition": "minecraft:killed_by_player"
        }
      ]
    },
    {
      "rolls": 1,
      "entries": [
        {
          "type": "minecraft:item",
          "name": "minecraft:golden_axe",
          "functions": [
            {
              "function": "minecraft:set_nbt",
              "tag": "{id:\"cam:legendary_axe\",display:{Name:'[{\"translate\":\"item.cam.legendaxe\",\"color\":\"gold\",\"italic\":false,\"underlined\":false,\"strikethrough\":false,\"obfuscated\":false}]'},Enchantments:[{id:\"minecraft:efficiency\",lvl:10},{id:\"minecraft:unbreaking\",lvl:5},{id:\"minecraft:sharpness\",lvl:5}]}"
            },
            {
              "function": "minecraft:set_damage",
              "damage": {
                "min": 0.2,
                "max": 0.5
              }
            }
          ]
        }
      ],
      "conditions": [
        {
          "condition": "minecraft:entity_properties",
          "entity": "this",
          "predicate": {
            "nbt": "{Tags:[\"Anger_Of_Guard\"]}"
          }
        },
        {
          "condition": "minecraft:killed_by_player"
        }
      ]
    }
  ]
}