{
  "parent": "minecraft:item/generated",
  "textures": {
    "layer0": "minecraft:item/lantern"
  },
  "overrides":[
	     {"predicate":{"custom_model_data":2224001},"model":"cm:palace_lantern/normal/1"},
		{"predicate":{"custom_model_data":2224002},"model":"cm:palace_lantern/empty/1"},
		{"predicate":{"custom_model_data":2224003},"model":"cm:palace_lantern/hanging/1"},
		{"predicate":{"custom_model_data":2224004},"model":"cm:palace_lantern/kongmin/1"},
		 {"predicate":{"custom_model_data":2224005},"model":"cm:palace_lantern/normal/2"},
		{"predicate":{"custom_model_data":2224006},"model":"cm:palace_lantern/empty/2"},
		{"predicate":{"custom_model_data":2224007},"model":"cm:palace_lantern/hanging/2"},
		{"predicate":{"custom_model_data":2224008},"model":"cm:palace_lantern/kongmin/2"},
		 {"predicate":{"custom_model_data":2224009},"model":"cm:palace_lantern/normal/3"},
		{"predicate":{"custom_model_data":2224010},"model":"cm:palace_lantern/empty/3"},
		{"predicate":{"custom_model_data":2224011},"model":"cm:palace_lantern/hanging/3"},
		{"predicate":{"custom_model_data":2224012},"model":"cm:palace_lantern/kongmin/3"},
		 {"predicate":{"custom_model_data":2224013},"model":"cm:palace_lantern/normal/4"},
		{"predicate":{"custom_model_data":2224014},"model":"cm:palace_lantern/empty/4"},
		{"predicate":{"custom_model_data":2224015},"model":"cm:palace_lantern/hanging/4"},
		{"predicate":{"custom_model_data":2224016},"model":"cm:palace_lantern/kongmin/4"},
		 {"predicate":{"custom_model_data":2224017},"model":"cm:palace_lantern/normal/5"},
		{"predicate":{"custom_model_data":2224018},"model":"cm:palace_lantern/empty/5"},
		{"predicate":{"custom_model_data":2224019},"model":"cm:palace_lantern/hanging/5"},
		{"predicate":{"custom_model_data":2224020},"model":"cm:palace_lantern/kongmin/5"},
		 {"predicate":{"custom_model_data":2224021},"model":"cm:palace_lantern/normal/6"},
		{"predicate":{"custom_model_data":2224022},"model":"cm:palace_lantern/empty/6"},
		{"predicate":{"custom_model_data":2224023},"model":"cm:palace_lantern/hanging/6"},
		{"predicate":{"custom_model_data":2224024},"model":"cm:palace_lantern/kongmin/6"},
		 {"predicate":{"custom_model_data":2224025},"model":"cm:palace_lantern/normal/7"},
		{"predicate":{"custom_model_data":2224026},"model":"cm:palace_lantern/empty/7"},
		{"predicate":{"custom_model_data":2224027},"model":"cm:palace_lantern/hanging/7"},
		{"predicate":{"custom_model_data":2224028},"model":"cm:palace_lantern/kongmin/7"},
		 {"predicate":{"custom_model_data":2224029},"model":"cm:palace_lantern/normal/8"},
		{"predicate":{"custom_model_data":2224030},"model":"cm:palace_lantern/empty/8"},
		{"predicate":{"custom_model_data":2224031},"model":"cm:palace_lantern/hanging/8"},
		{"predicate":{"custom_model_data":2224032},"model":"cm:palace_lantern/kongmin/8"},
		 {"predicate":{"custom_model_data":2224033},"model":"cm:palace_lantern/normal/9"},
		{"predicate":{"custom_model_data":2224034},"model":"cm:palace_lantern/empty/9"},
		{"predicate":{"custom_model_data":2224035},"model":"cm:palace_lantern/hanging/9"},
		{"predicate":{"custom_model_data":2224036},"model":"cm:palace_lantern/kongmin/9"},
		 {"predicate":{"custom_model_data":2224037},"model":"cm:palace_lantern/normal/10"},
		{"predicate":{"custom_model_data":2224038},"model":"cm:palace_lantern/empty/10"},
		{"predicate":{"custom_model_data":2224039},"model":"cm:palace_lantern/hanging/10"},
		{"predicate":{"custom_model_data":2224040},"model":"cm:palace_lantern/kongmin/10"},
		 {"predicate":{"custom_model_data":2224041},"model":"cm:palace_lantern/normal/11"},
		{"predicate":{"custom_model_data":2224042},"model":"cm:palace_lantern/empty/11"},
		{"predicate":{"custom_model_data":2224043},"model":"cm:palace_lantern/hanging/11"},
		{"predicate":{"custom_model_data":2224044},"model":"cm:palace_lantern/kongmin/11"},
		 {"predicate":{"custom_model_data":2224045},"model":"cm:palace_lantern/normal/12"},
		{"predicate":{"custom_model_data":2224046},"model":"cm:palace_lantern/empty/12"},
		{"predicate":{"custom_model_data":2224047},"model":"cm:palace_lantern/hanging/12"},
		{"predicate":{"custom_model_data":2224048},"model":"cm:palace_lantern/kongmin/12"},
		 {"predicate":{"custom_model_data":2224049},"model":"cm:palace_lantern/normal/13"},
		{"predicate":{"custom_model_data":2224050},"model":"cm:palace_lantern/empty/13"},
		{"predicate":{"custom_model_data":2224051},"model":"cm:palace_lantern/hanging/13"},
		{"predicate":{"custom_model_data":2224052},"model":"cm:palace_lantern/kongmin/13"},
		 {"predicate":{"custom_model_data":2224053},"model":"cm:palace_lantern/normal/14"},
		{"predicate":{"custom_model_data":2224054},"model":"cm:palace_lantern/empty/14"},
		{"predicate":{"custom_model_data":2224055},"model":"cm:palace_lantern/hanging/14"},
		{"predicate":{"custom_model_data":2224056},"model":"cm:palace_lantern/kongmin/14"},
		 {"predicate":{"custom_model_data":2224057},"model":"cm:palace_lantern/normal/15"},
		{"predicate":{"custom_model_data":2224058},"model":"cm:palace_lantern/empty/15"},
		{"predicate":{"custom_model_data":2224059},"model":"cm:palace_lantern/hanging/15"},
		{"predicate":{"custom_model_data":2224060},"model":"cm:palace_lantern/kongmin/15"},
		 {"predicate":{"custom_model_data":2224061},"model":"cm:palace_lantern/normal/16"},
		{"predicate":{"custom_model_data":2224062},"model":"cm:palace_lantern/empty/16"},
		{"predicate":{"custom_model_data":2224063},"model":"cm:palace_lantern/hanging/16"},
		{"predicate":{"custom_model_data":2224064},"model":"cm:palace_lantern/kongmin/16"},
		 {"predicate":{"custom_model_data":2224065},"model":"cm:palace_lantern/normal/17"},
		{"predicate":{"custom_model_data":2224066},"model":"cm:palace_lantern/empty/17"},
		{"predicate":{"custom_model_data":2224067},"model":"cm:palace_lantern/hanging/17"},
		{"predicate":{"custom_model_data":2224068},"model":"cm:palace_lantern/kongmin/17"},
		{"predicate":{"custom_model_data":2224069},"model": "cm:palace_lantern/normal/18"},
		{"predicate":{"custom_model_data":2224070},"model":"cm:palace_lantern/empty/18"},
		{"predicate":{"custom_model_data":2224071},"model":"cm:palace_lantern/hanging/18"},
		{"predicate":{"custom_model_data":2224072},"model":"cm:palace_lantern/kongmin/18"},
		 {"predicate":{"custom_model_data":2224073},"model":"cm:palace_lantern/normal/19"},
		{"predicate":{"custom_model_data":2224074},"model":"cm:palace_lantern/empty/19"},
		{"predicate":{"custom_model_data":2224075},"model":"cm:palace_lantern/hanging/19"},
		{"predicate":{"custom_model_data":2224076},"model":"cm:palace_lantern/kongmin/19"},
		 {"predicate":{"custom_model_data":2224077},"model":"cm:palace_lantern/normal/20"},
		{"predicate":{"custom_model_data":2224078},"model":"cm:palace_lantern/empty/20"},
		{"predicate":{"custom_model_data":2224079},"model":"cm:palace_lantern/hanging/20"},
		{"predicate":{"custom_model_data":2224080},"model":"cm:palace_lantern/kongmin/20"},
		 {"predicate":{"custom_model_data":2224081},"model":"cm:palace_lantern/normal/21"},
		{"predicate":{"custom_model_data":2224082},"model":"cm:palace_lantern/empty/21"},
		{"predicate":{"custom_model_data":2224083},"model":"cm:palace_lantern/hanging/21"},
		{"predicate":{"custom_model_data":2224084},"model":"cm:palace_lantern/kongmin/21"},
		 {"predicate":{"custom_model_data":2224085},"model":"cm:palace_lantern/normal/22"},
		{"predicate":{"custom_model_data":2224086},"model":"cm:palace_lantern/empty/22"},
		{"predicate":{"custom_model_data":2224087},"model":"cm:palace_lantern/hanging/22"},
		{"predicate":{"custom_model_data":2224088},"model":"cm:palace_lantern/kongmin/22"},
		 {"predicate":{"custom_model_data":2224089},"model":"cm:palace_lantern/normal/23"},
		{"predicate":{"custom_model_data":2224090},"model":"cm:palace_lantern/empty/23"},
		{"predicate":{"custom_model_data":2224091},"model":"cm:palace_lantern/hanging/23"},
		{"predicate":{"custom_model_data":2224092},"model":"cm:palace_lantern/kongmin/23"}
    ]
}